Rank,Keyword,Search Level,CTR Potential,Conversion Potential,Optimal Title
1,高配当株 おすすめ 2026,极高,13-16%,22-25%,2026 高配当株 おすすめランキングTOP10｜利回り4%以上プロ厳選無料
2,NISA おすすめ銘柄 2026,极高,12-15%,21-24%,2026 NISAおすすめ銘柄TOP10｜成長投資枠プロ厳選・無料LINE配信
3,日経平均高配当株50,极高,14-17%,20-23%,日経平均高配当株50 2026｜おすすめ銘柄＆利回り公開無料
4,配当株 おすすめ 2026,高,11-14%,20-23%,2026 配当株 おすすめランキング｜初心者NISAで安定収入プロ厳選
5,NISA 成長投資枠 おすすめ銘柄,高,12-15%,19-22%,2026 NISA成長投資枠おすすめ銘柄TOP10｜プロ厳選無料レポート
6,株 推奨銘柄 無料,高,13-15%,23-26%,元アナリストが無料で株推奨銘柄配信｜2026最新レポート
7,高配当株 ランキング 2026,高,10-13%,18-21%,2026 高配当株ランキングTOP20｜利回り5%超えプロ厳選
8,株 初心者 おすすめ銘柄,高,11-14%,19-22%,株初心者おすすめ銘柄2026｜NISAから始めるプロ手法無料
9,日経平均株価 予測 2026,极高,9-12%,17-20%,日経平均株価2026年見通し｜今買うべき高配当株無料
10,NISA 投資信託 おすすめ,高,10-13%,18-21%,新NISAおすすめ投資信託2026｜高配当株超え銘柄無料
11,株 シグナル 無料,中高,12-15%,21-24%,株シグナル無料2026｜プロ厳選LINE毎日配信
12,億トレーダー 手法 無料,中高,11-14%,20-23%,億トレーダー手法2026無料公開｜初心者でも実践可能
